subreddit,posts,median_score,p90_score,median_comments,median_ratio,median_cpi,median_crossposts,median_title_len,subscribers,pct_text,pct_image,pct_link,pct_video,first_post,last_post,dominant_type
Art,957,32020.0,39342.799999999996,307.0,0.94,0.01204097057520394,4.0,43.0,22414869,0.0,86.10240334378265,13.688610240334379,0.20898641588296762,2015-07-14 17:43:58,2024-09-03 05:42:32,image
AskReddit,987,66186.0,92192.4,15841.0,0.89,0.2300547354453475,8.0,84.0,48248325,100.0,0.0,0.0,0.0,2014-11-29 02:37:00,2023-11-07 06:11:00,text
DIY,988,10410.5,21638.2,515.5,0.91,0.04433758278234469,0.0,56.0,25171902,0.6072874493927125,91.09311740890689,8.097165991902834,0.20242914979757085,2014-07-12 20:01:24,2024-09-09 08:01:56,image
Documentaries,995,8362.0,18338.4,723.0,0.92,0.08015267175572519,2.0,171.0,20383846,0.10050251256281408,0.0,99.09547738693468,0.8040201005025126,2015-02-27 17:30:49,2023-04-09 01:16:00,link
EarthPorn,996,36687.5,51595.0,386.5,0.94,0.009943447774463947,6.0,81.0,23718453,0.2008032128514056,83.63453815261043,16.164658634538153,0.0,2016-06-27 21:42:08,2023-11-18 12:14:15,image
Futurology,994,31942.5,53729.0,1722.0,0.9,0.05168840606917304,6.0,150.5,20710222,0.7042253521126761,0.2012072434607646,99.09456740442656,0.0,2016-05-07 20:19:29,2024-07-26 21:07:06,link
GetMotivated,944,30252.0,55494.00000000004,461.5,0.91,0.014824844604383462,6.0,36.0,22875553,2.2245762711864407,77.22457627118644,20.233050847457626,0.31779661016949157,2015-02-27 16:04:56,2024-09-08 17:00:48,image
IAmA,997,18260.0,42803.799999999996,2310.0,0.83,0.11170740506899973,1.0,109.0,22547664,99.5987963891675,0.0,0.4012036108324975,0.0,2012-08-30 01:31:36,2024-07-30 21:41:05,text
InternetIsBeautiful,932,5070.5,13090.999999999996,260.0,0.94,0.04567824102654311,1.0,82.0,16634986,0.2145922746781116,0.1072961373390558,99.67811158798283,0.0,2013-04-15 19:03:31,2024-06-26 23:18:29,link
Jokes,996,37669.5,53209.0,610.5,0.87,0.01539628515623023,2.0,63.5,29634874,99.8995983935743,0.1004016064257028,0.0,0.0,2015-07-03 21:11:05,2023-01-30 16:14:21,text
LifeProTips,989,47621.0,75118.20000000001,1349.0,0.89,0.026821603449535922,5.0,169.0,22691804,99.49443882709808,0.3033367037411527,0.20222446916076847,0.0,2016-06-18 18:54:06,2023-06-27 21:57:42,text
Music,989,21354.0,48252.6,1391.0,0.88,0.057789466399058756,2.0,73.0,34670194,20.626895854398384,0.0,79.17087967644085,0.20222446916076847,2014-07-09 05:32:07,2024-09-09 02:32:25,link
NoStupidQuestions,986,18224.5,30874.0,1561.5,0.92,0.07598353088580406,1.0,99.0,4944439,100.0,0.0,0.0,0.0,2017-09-21 17:48:28,2024-09-08 04:56:06,text
OldSchoolCool,972,49514.5,73629.4,1017.5,0.93,0.01929348386636652,4.0,65.0,18568342,0.102880658436214,80.45267489711934,14.917695473251028,4.526748971193416,2016-06-18 00:50:07,2024-09-10 22:38:59,image
Showerthoughts,963,67784.0,96026.6,1368.0,0.91,0.019685270544023956,3.0,111.0,32469183,99.48078920041536,0.5192107995846313,0.0,0.0,2015-02-01 05:59:30,2024-08-02 00:34:49,text
UpliftingNews,991,35558.0,59372.0,939.0,0.92,0.02411600669269381,3.0,86.0,19976495,0.20181634712411706,0.0,99.79818365287588,0.0,2015-06-26 19:42:07,2024-08-21 21:24:01,link
WritingPrompts,1000,11455.5,18027.5,234.5,0.94,0.018673596918160743,1.0,238.5,18402577,99.8,0.1,0.1,0.0,2015-10-24 02:53:00,2023-11-18 04:45:28,text
anime,996,13229.5,18811.5,361.0,0.98,0.025545299505133224,2.0,48.0,11104213,10.642570281124499,33.032128514056225,18.473895582329316,37.851405622489956,2016-07-20 03:41:14,2024-08-23 17:29:24,video
askscience,998,8536.0,14667.300000000003,601.5,0.92,0.06715694998799687,0.0,100.0,25528922,99.8997995991984,0.0,0.1002004008016032,0.0,2014-07-17 20:20:56,2024-08-14 03:33:35,text
aww,993,111549.0,143973.80000000002,1149.0,0.94,0.009795868698853093,21.0,53.0,36719143,0.0,36.85800604229607,18.429003021148034,44.71299093655589,2017-01-31 01:29:54,2024-06-18 17:05:10,video
books,993,15079.0,30763.4,859.0,0.91,0.049993549219455556,2.0,87.0,24961197,35.750251762336354,0.0,64.24974823766365,0.0,2014-08-04 01:04:20,2024-08-21 08:22:36,link
creepy,997,15072.0,29731.999999999993,417.0,0.93,0.02489194813510485,2.0,24.0,14866085,0.20060180541624875,72.71815446339018,25.275827482447344,1.8054162487462388,2014-07-17 23:20:20,2024-08-19 05:58:00,image
dataisbeautiful,994,36241.0,60981.80000000001,1616.5,0.9,0.0415281839871072,10.0,61.0,21148032,0.0,70.72434607645876,12.072434607645874,17.20321931589537,2016-08-21 17:28:19,2024-08-27 17:48:58,image
explainlikeimfive,969,13545.0,21485.200000000008,1025.0,0.92,0.06994876364446424,1.0,111.0,22924375,99.89680082559339,0.0,0.10319917440660474,0.0,2014-10-28 09:47:59,2024-08-16 15:16:10,text
food,993,25506.0,37003.8,476.0,0.92,0.01765422582489992,3.0,34.0,23714900,0.0,90.6344410876133,9.365558912386707,0.0,2015-12-25 04:57:33,2023-11-18 02:52:55,image
funny,988,113874.0,149497.80000000002,1712.0,0.91,0.01430881406515088,22.0,41.0,63230537,0.0,59.81781376518218,13.663967611336034,26.518218623481783,2016-09-27 18:56:49,2024-09-08 05:48:18,image
gaming,996,98456.5,133824.0,1856.0,0.9,0.017575165067595242,11.0,39.5,43180044,1.0040160642570282,69.97991967871486,29.016064257028113,0.0,2016-10-25 19:43:42,2024-09-03 21:36:29,image
gifs,996,95503.5,128911.0,1707.5,0.91,0.01696831602428816,24.0,36.0,21628807,0.0,8.333333333333332,79.71887550200803,11.947791164658634,2016-07-10 00:31:02,2024-09-01 06:03:24,link
history,992,5623.0,12836.999999999995,421.5,0.93,0.05753658576494618,0.0,84.0,18183116,43.75,0.0,56.25,0.0,2014-11-08 16:30:46,2024-08-22 06:21:44,link
interestingasfuck,988,104041.0,142171.2,1866.0,0.94,0.017074488059136243,30.5,72.0,12615978,0.0,52.226720647773284,29.75708502024291,18.016194331983808,2017-07-31 20:23:23,2024-09-11 07:13:13,image
listentothis,977,1718.0,3479.4,99.0,0.92,0.05465414175918019,0.0,55.0,17999667,6.653019447287615,0.1023541453428864,93.24462640736951,0.0,2011-09-27 04:17:32,2023-06-10 23:19:49,link
memes,981,135416.0,175058.0,904.0,0.95,0.006468678411918849,14.0,21.0,33749549,0.10193679918450561,89.1946992864424,6.116207951070336,4.587155963302752,2018-12-25 02:26:03,2024-08-01 03:20:19,image
mildlyinteresting,996,81462.0,110630.0,1397.0,0.93,0.016113770243387036,14.0,58.0,23898769,0.0,88.35341365461848,11.646586345381527,0.0,2016-10-03 03:57:18,2024-09-08 08:28:18,image
movies,995,51182.0,79321.0,2428.0,0.88,0.04463381707728653,5.0,74.0,33591922,5.628140703517588,21.809045226130653,71.95979899497488,0.6030150753768844,2014-08-12 04:26:13,2024-09-10 02:04:29,link
news,997,80638.0,115154.2,4443.0,0.89,0.05261247679271885,11.0,75.0,28582213,0.10030090270812438,0.0,99.89969909729187,0.0,2015-06-26 19:32:48,2024-09-06 20:34:52,link
nottheonion,978,45573.5,73489.80000000003,2179.0,0.91,0.04502960917634731,6.0,80.0,24671220,0.0,0.0,100.0,0.0,2016-04-13 21:11:36,2024-09-06 11:42:21,link
personalfinance,991,7371.0,14986.0,801.0,0.93,0.09937273027401783,0.0,82.0,19717011,100.0,0.0,0.0,0.0,2014-11-13 02:56:45,2024-09-09 03:33:09,text
pics,996,125340.0,166568.0,2765.5,0.88,0.020987328821820285,16.0,71.0,31066050,0.0,82.2289156626506,17.771084337349397,0.0,2015-09-14 23:46:19,2024-09-09 06:27:25,image
relationship_advice,871,12822.0,32022.0,1102.0,0.94,0.08235823582358236,1.0,94.0,13741346,100.0,0.0,0.0,0.0,2018-04-12 00:07:40,2024-09-06 04:23:50,text
science,992,53306.5,74203.09999999999,1926.5,0.9,0.034677440943261924,15.0,250.0,32725688,0.6048387096774194,0.0,99.39516129032258,0.0,2015-04-21 20:31:34,2023-06-20 07:33:33,link
space,989,43785.0,74315.0,943.0,0.94,0.019988944562329487,7.0,82.0,26455316,1.9211324570273005,41.45601617795754,43.98382204246714,12.639029322548028,2015-11-23 19:27:32,2024-09-02 04:47:43,link
sports,985,39624.0,66081.8,1098.0,0.91,0.025554828345332303,4.0,62.0,21193326,0.5076142131979695,13.807106598984772,62.13197969543147,23.553299492385786,2015-05-22 19:51:11,2024-08-28 16:35:51,link
technology,996,48052.0,74047.0,2411.0,0.9,0.04751834268360533,7.0,81.0,17123051,1.8072289156626504,0.0,98.19277108433735,0.0,2014-08-11 08:23:15,2024-09-03 04:43:25,link
television,998,27246.0,47033.20000000004,1676.0,0.89,0.05706365850494692,1.0,74.0,17281553,4.609218436873747,0.0,95.29058116232466,0.1002004008016032,2014-10-11 04:01:40,2024-09-08 20:21:27,link
tifu,994,35220.0,57242.4,1461.0,0.89,0.038704658053938086,2.0,56.0,18612778,99.59758551307847,0.1006036217303823,0.30181086519114686,0.0,2015-01-23 09:44:22,2024-08-25 18:35:11,text
todayilearned,983,83475.0,110365.80000000003,2114.0,0.93,0.02416934764389413,7.0,244.0,37687204,0.0,0.0,100.0,0.0,2016-04-09 20:33:56,2024-07-10 00:17:57,link
travel,997,7127.0,12889.199999999999,153.0,0.97,0.0200074794315632,2.0,67.0,11607868,2.8084252758274824,62.18655967903711,31.59478435305918,3.4102306920762286,2016-03-01 19:57:34,2024-09-07 11:29:13,image
videos,998,49578.0,77727.6,2418.0,0.86,0.04515044231994059,6.0,74.0,26838345,0.4008016032064128,0.1002004008016032,99.39879759519037,0.1002004008016032,2014-08-06 18:26:00,2024-09-06 07:58:34,link
wholesomememes,987,84798.0,114855.2,514.0,0.94,0.005708099596496408,9.0,23.0,17172265,0.10131712259371835,94.63019250253294,5.167173252279635,0.10131712259371835,2016-12-27 20:17:08,2024-08-22 01:17:32,image
worldnews,996,85124.0,115802.5,4408.5,0.89,0.048112314200304956,11.0,89.0,40309840,0.1004016064257028,0.0,99.8995983935743,0.0,2015-06-20 22:11:11,2024-09-07 18:34:49,link
